{
    "CGPIO_INPUT_FUNC_CONFIG":[
        0,
        0,
        0,
        0,
        0,
        0,
        0,
        0
    ],
    "CGPIO_OUTPUT_FUNC_CONFIG":[
        0,
        0,
        0,
        0,
        0,
        0,
        0,
        0
    ],
    "COLL_PARAMS":[
        1,
        0,
        [
            0.0,
            0.0,
            0.0,
            0.0,
            0.0,
            0.0
        ]
    ],
    "COLL_SENS":2,
    "GPIO_RESET_CONFIG":[
        0,
        0
    ],
    "GRAV_DIR":[
        0.0,
        0.0,
        -1.0
    ],
    "JOINT_JERK":10885.999649509118,
    "JOINT_MAXACC":1145.9155902616465,
    "REDUCED_STATES":[
        0,
        [
            9999,
            -9999,
            9999,
            -9999,
            9999,
            -9999
        ],
        1000.0,
        180.0,
        [
            -360.0,
            360.0,
            -117.97,
            120.0,
            -225.0,
            11.0,
            -360.0,
            360.0,
            -97.0,
            180.0,
            -360.0,
            360.0,
            0.0,
            0.0
        ],
        0,
        1
    ],
    "REPORT_TAU_OR_I":0,
    "TCP_JERK":3564.0,
    "TCP_LOAD":[
        0.0,
        [
            0.0,
            0.0,
            0.0
        ]
    ],
    "TCP_MAXACC":50000.0,
    "TCP_OFFSET":[
        0.0,
        0.0,
        111.5,
        0.0,
        30.30001355880089,
        0.0
    ],
    "TEACH_SENS":3,
    "WORLD_OFFSET":[
        0.0,
        0.0,
        0.0,
        0.0,
        0.0,
        0.0
    ]
}